-- SQL Database Initialization Script for Edentia CRM
CREATE SCHEMA IF NOT EXISTS edentia_crm;

-- 1. Tabla de Leads
CREATE TABLE IF NOT EXISTS edentia_crm.leads (
    lead_id SERIAL PRIMARY KEY,
    empresa VARCHAR(255) NOT NULL,
    ciudad VARCHAR(100) NOT NULL,
    contacto_nombre VARCHAR(255),
    correo VARCHAR(255),
    whatsapp VARCHAR(50),
    sitio_web VARCHAR(255),
    hallazgos_scraping TEXT,
    servicio_edentia_sugerido VARCHAR(100),
    estado VARCHAR(50) DEFAULT 'Encontrado',
    fecha_creacion TIMESTAMP DEFAULT CURRENT_TIMESTAMP
);

-- 2. Tabla de Propuestas Enviadas y Seguimiento
CREATE TABLE IF NOT EXISTS edentia_crm.propuestas (
    propuesta_id SERIAL PRIMARY KEY,
    lead_id INT REFERENCES edentia_crm.leads(lead_id) ON DELETE CASCADE,
    version_propuesta INT DEFAULT 1,
    ruta_archivo_word VARCHAR(500),
    fecha_envio TIMESTAMP DEFAULT CURRENT_TIMESTAMP,
    estado_respuesta VARCHAR(50) DEFAULT 'Pendiente',
    fecha_seguimiento_s1 TIMESTAMP,
    fecha_seguimiento_s2 TIMESTAMP
);

-- 3. Tabla de Entrevistas y Diagnóstico IA
CREATE TABLE IF NOT EXISTS edentia_crm.diagnosticos (
    diagnostico_id SERIAL PRIMARY KEY,
    lead_id INT REFERENCES edentia_crm.leads(lead_id) ON DELETE CASCADE,
    transcripcion_entrevista TEXT,
    analisis_ia_diagnostico JSONB,
    nivel_madurez_ia VARCHAR(50),
    fecha_entrevista TIMESTAMP DEFAULT CURRENT_TIMESTAMP
);

-- 4. Tabla de Proyectos y Planes de Trabajo
CREATE TABLE IF NOT EXISTS edentia_crm.proyectos (
    proyecto_id SERIAL PRIMARY KEY,
    lead_id INT REFERENCES edentia_crm.leads(lead_id) ON DELETE CASCADE,
    monto_total NUMERIC(12,2),
    orden_trabajo_ref VARCHAR(100),
    ruta_excel_plan VARCHAR(500),
    estado_proyecto VARCHAR(50) DEFAULT 'Pre-Facturado',
    fecha_inicio DATE,
    fecha_fin_estimada DATE
);

-- 5. Tabla de Trazabilidad Agéntica
CREATE TABLE IF NOT EXISTS edentia_crm.trazabilidad_agentes (
    log_id SERIAL PRIMARY KEY,
    agente_nombre VARCHAR(100) NOT NULL,
    modelo_llm VARCHAR(50) NOT NULL,
    lead_id INT REFERENCES edentia_crm.leads(lead_id) ON DELETE CASCADE,
    accion_realizada TEXT NOT NULL,
    input_payload JSONB,
    output_payload JSONB,
    tokens_usados INT,
    fecha_ejecucion TIMESTAMP DEFAULT CURRENT_TIMESTAMP
);

-- Índices de rendimiento
CREATE INDEX IF NOT EXISTS idx_leads_ciudad ON edentia_crm.leads(ciudad);
CREATE INDEX IF NOT EXISTS idx_leads_estado ON edentia_crm.leads(estado);
CREATE INDEX IF NOT EXISTS idx_trazabilidad_agente ON edentia_crm.trazabilidad_agentes(agente_nombre);


-- Limpiar tablas antes de insertar para garantizar consistencia en la demo
TRUNCATE TABLE edentia_crm.trazabilidad_agentes RESTART IDENTITY CASCADE;
TRUNCATE TABLE edentia_crm.proyectos RESTART IDENTITY CASCADE;
TRUNCATE TABLE edentia_crm.diagnosticos RESTART IDENTITY CASCADE;
TRUNCATE TABLE edentia_crm.propuestas RESTART IDENTITY CASCADE;
TRUNCATE TABLE edentia_crm.leads RESTART IDENTITY CASCADE;

-- Insertar Datos Semilla Recopilados de la Demo
INSERT INTO edentia_crm.leads (lead_id, empresa, ciudad, contacto_nombre, correo, whatsapp, sitio_web, hallazgos_scraping, servicio_edentia_sugerido, estado, fecha_creacion) VALUES (1, 'Auteco SAS', 'Pereira', 'Carlos Gómez', 'carlos.gomez@auteco.com.co', '+57 312 456 7890', 'www.auteco.com.co', 'Línea de ensamblaje masiva. Alto volumen de reportes de calidad manuales, sin observabilidad de modelos predictivos de fallas y necesidad de entrenamiento XR para mecánicos.', 'Aura', 'Ganado', '2026-07-06 18:15:29.111036');
INSERT INTO edentia_crm.leads (lead_id, empresa, ciudad, contacto_nombre, correo, whatsapp, sitio_web, hallazgos_scraping, servicio_edentia_sugerido, estado, fecha_creacion) VALUES (2, 'Comfamiliar Risaralda', 'Pereira', 'Diana Restrepo', 'diana.restrepo@comfamiliar.com', '+57 315 789 1234', 'www.comfamiliar.com', 'Red de clínicas y recreación. Necesita automatización de turnos médicos e IA gobernada para el manejo de datos de pacientes (cumplimiento normativo de salud).', 'Aegis', 'Contactado', '2026-07-11 18:15:29.111036');
INSERT INTO edentia_crm.leads (lead_id, empresa, ciudad, contacto_nombre, correo, whatsapp, sitio_web, hallazgos_scraping, servicio_edentia_sugerido, estado, fecha_creacion) VALUES (3, 'Comestibles La Rosa', 'Dosquebradas', 'Héctor Fabio', 'hector.fabio@larosa.com', '+57 310 111 2222', 'www.nestle-larosa.com.co', 'Planta de producción de alimentos. Alta rotación de personal en empaque primario. Requiere interfaces neuronales o gestuales para el manejo sin contacto de terminales en área limpia.', 'Synapse', 'Propuesta_Enviada', '2026-07-13 18:15:29.111036');
INSERT INTO edentia_crm.leads (lead_id, empresa, ciudad, contacto_nombre, correo, whatsapp, sitio_web, hallazgos_scraping, servicio_edentia_sugerido, estado, fecha_creacion) VALUES (4, 'Grupo Nutresa', 'Medellín', 'Andrés Restrepo', 'arestrepo@nutresa.com.co', '+57 300 222 3333', 'www.gruponutresa.com', 'Conglomerado multi-latina de alimentos. Interés en auditorías de modelos de previsión de demanda y optimización de rutas comerciales mediante agentes.', 'Forge', 'Encontrado', '2026-07-16 18:15:29.111036');
INSERT INTO edentia_crm.leads (lead_id, empresa, ciudad, contacto_nombre, correo, whatsapp, sitio_web, hallazgos_scraping, servicio_edentia_sugerido, estado, fecha_creacion) VALUES (5, 'Bancolombia', 'Bogotá', 'María Camila Torres', 'mctorres@bancolombia.com.co', '+57 311 999 8888', 'www.bancolombia.com', 'Banco comercial líder. Tiene más de 50 modelos predictivos y genAI en producción sin un framework unificado de gobernanza y mitigación de sesgos.', 'Aegis', 'Ganado', '2026-07-01 18:15:29.111036');
INSERT INTO edentia_crm.leads (lead_id, empresa, ciudad, contacto_nombre, correo, whatsapp, sitio_web, hallazgos_scraping, servicio_edentia_sugerido, estado, fecha_creacion) VALUES (6, 'Kosta Azul', 'Pereira', 'Juan Fernando', 'jfernando@kostazul.com', '+57 313 777 5555', 'www.kostazul.com', 'Compañía textil de moda masculina. Procesos de diseño y patronaje manuales. Podrían beneficiarse de una solución de visualización en realidad virtual (XR) para catálogos.', 'Aura', 'Encontrado', '2026-07-20 18:15:29.111036');
INSERT INTO edentia_crm.leads (lead_id, empresa, ciudad, contacto_nombre, correo, whatsapp, sitio_web, hallazgos_scraping, servicio_edentia_sugerido, estado, fecha_creacion) VALUES (7, 'Suzuki Risaralda', 'Pereira', 'Santiago Mejía', 'santiago.mejia@suzuki.com.co', '+57 320 666 4444', 'www.suzuki.com.co', 'Escaneo web completado. Se detecta falta de automatización y alto volumen de datos manuales. Se sugiere implementar Edentia Aura para potenciar la eficiencia.', 'Aura', 'Ganado', '2026-07-21 18:49:40.414745');
INSERT INTO edentia_crm.leads (lead_id, empresa, ciudad, contacto_nombre, correo, whatsapp, sitio_web, hallazgos_scraping, servicio_edentia_sugerido, estado, fecha_creacion) VALUES (8, 'Ingenio Risaralda', 'La Virginia', 'Liliana Uribe', 'luribe@ingeniorisaralda.com', '+57 318 444 9999', 'www.ingeniorisaralda.com.co', 'Escaneo web completado. Se detecta falta de automatización y alto volumen de datos manuales. Se sugiere implementar Edentia Forge para potenciar la eficiencia.', 'Forge', 'Ganado', '2026-07-21 19:43:39.886132');
INSERT INTO edentia_crm.diagnosticos (diagnostico_id, lead_id, transcripcion_entrevista, analisis_ia_diagnostico, nivel_madurez_ia, fecha_entrevista) VALUES (1, 1, 'El cliente Carlos Gómez manifiesta que tienen una tasa de error del 3% en ensamble por mala capacitación. Proponemos un gemelo digital interactivo con Unity para gafas Xreal.', '{"dolores_principales": ["Errores de ensamble", "Costos de capacitación presencial"], "servicios_requeridos": ["Desarrollo Unity 3D", "Modelado Blender de piezas", "Integración de tracking gestual"], "arquitectura_sugerida": "Plataforma Unity + SDK Aura + Xreal Light Glasses"}', 'Inicial', '2026-07-09 18:15:29.128255');
INSERT INTO edentia_crm.diagnosticos (diagnostico_id, lead_id, transcripcion_entrevista, analisis_ia_diagnostico, nivel_madurez_ia, fecha_entrevista) VALUES (2, 5, 'Reunión técnica de riesgos. Tienen modelos de evaluación de crédito y chatbots en producción con riesgos de alucinaciones y sesgo de género detectados en prensa.', '{"dolores_principales": ["Riesgo reputacional por sesgo de IA", "Falta de observabilidad en tiempo real"], "servicios_requeridos": ["Auditoría de sesgos", "Monitoreo continuo de prompts", "Configuración de alertas de deriva"], "arquitectura_sugerida": "Edentia Aegis Engine + OpenTelemetry IA + Dashboard de Cumplimiento"}', 'Repetible', '2026-07-06 18:15:29.128255');
INSERT INTO edentia_crm.diagnosticos (diagnostico_id, lead_id, transcripcion_entrevista, analisis_ia_diagnostico, nivel_madurez_ia, fecha_entrevista) VALUES (3, 7, 'El cliente Santiago Mejía de Suzuki Risaralda atendió la reunión matutina. Confirma que la propuesta preliminar en Word de Edentia Aura le pareció sumamente interesante. Explica detalladamente su flujo de trabajo manual y solicita cotización formal incluyendo soporte anual.', '{"dolores_principales": ["Falta de observabilidad de flujos", "Baja eficiencia manual"], "servicios_requeridos": ["Implantación Edentia Aura", "Capacitación del personal", "Soporte 24/7"], "arquitectura_sugerida": "Arquitectura Edentia Aura Standard Enterprise"}', 'Inicial', '2026-07-21 18:49:40.530579');
INSERT INTO edentia_crm.diagnosticos (diagnostico_id, lead_id, transcripcion_entrevista, analisis_ia_diagnostico, nivel_madurez_ia, fecha_entrevista) VALUES (4, 7, 'El cliente Santiago Mejía de Suzuki Risaralda atendió la reunión matutina. Confirma que la propuesta preliminar en Word de Edentia Aura le pareció sumamente interesante. Explica detalladamente su flujo de trabajo manual y solicita cotización formal incluyendo soporte anual.', '{"dolores_principales": ["Falta de observabilidad de flujos", "Baja eficiencia manual"], "servicios_requeridos": ["Implantación Edentia Aura", "Capacitación del personal", "Soporte 24/7"], "arquitectura_sugerida": "Arquitectura Edentia Aura Standard Enterprise"}', 'Inicial', '2026-07-21 19:43:13.422277');
INSERT INTO edentia_crm.diagnosticos (diagnostico_id, lead_id, transcripcion_entrevista, analisis_ia_diagnostico, nivel_madurez_ia, fecha_entrevista) VALUES (5, 8, 'El cliente Liliana Uribe de Ingenio Risaralda atendió la reunión matutina. Confirma que la propuesta preliminar en Word de Edentia Forge le pareció sumamente interesante. Explica detalladamente su flujo de trabajo manual y solicita cotización formal incluyendo soporte anual.', '{"dolores_principales": ["Falta de observabilidad de flujos", "Baja eficiencia manual"], "servicios_requeridos": ["Implantación Edentia Forge", "Capacitación del personal", "Soporte 24/7"], "arquitectura_sugerida": "Arquitectura Edentia Forge Standard Enterprise"}', 'Inicial', '2026-07-21 19:43:39.942495');
INSERT INTO edentia_crm.propuestas (propuesta_id, lead_id, version_propuesta, ruta_archivo_word, fecha_envio, estado_respuesta, fecha_seguimiento_s1, fecha_seguimiento_s2) VALUES (1, 1, 1, '/downloads/propuestas/Propuesta_Auteco_SAS.docx', '2026-07-07 18:15:29.124291', 'Aceptada_Reunion', '2026-07-14 18:15:29.124291', '2026-07-21 18:15:29.124291');
INSERT INTO edentia_crm.propuestas (propuesta_id, lead_id, version_propuesta, ruta_archivo_word, fecha_envio, estado_respuesta, fecha_seguimiento_s1, fecha_seguimiento_s2) VALUES (2, 3, 1, '/downloads/propuestas/Propuesta_Comestibles_La_Rosa.docx', '2026-07-13 18:15:29.124291', 'Pendiente', '2026-07-20 18:15:29.124291', '2026-07-27 18:15:29.124291');
INSERT INTO edentia_crm.propuestas (propuesta_id, lead_id, version_propuesta, ruta_archivo_word, fecha_envio, estado_respuesta, fecha_seguimiento_s1, fecha_seguimiento_s2) VALUES (3, 5, 1, '/downloads/propuestas/Propuesta_Bancolombia.docx', '2026-07-02 18:15:29.124291', 'Aceptada_Reunion', '2026-07-09 18:15:29.124291', '2026-07-16 18:15:29.124291');
INSERT INTO edentia_crm.propuestas (propuesta_id, lead_id, version_propuesta, ruta_archivo_word, fecha_envio, estado_respuesta, fecha_seguimiento_s1, fecha_seguimiento_s2) VALUES (4, 5, 2, '/downloads/propuestas/Propuesta_Bancolombia_V2.docx', '2026-07-11 18:15:29.124291', 'Aceptada_Reunion', '2026-07-18 18:15:29.124291', '2026-07-25 18:15:29.124291');
INSERT INTO edentia_crm.propuestas (propuesta_id, lead_id, version_propuesta, ruta_archivo_word, fecha_envio, estado_respuesta, fecha_seguimiento_s1, fecha_seguimiento_s2) VALUES (5, 7, 2, '/downloads/propuestas/Propuesta_Suzuki_Risaralda.docx', '2026-07-21 18:49:40.507793', 'Aceptada_Reunion', '2026-07-28 18:49:40.507793', '2026-08-04 18:49:40.507793');
INSERT INTO edentia_crm.propuestas (propuesta_id, lead_id, version_propuesta, ruta_archivo_word, fecha_envio, estado_respuesta, fecha_seguimiento_s1, fecha_seguimiento_s2) VALUES (6, 7, 2, '/downloads/propuestas/Propuesta_Suzuki_Risaralda.docx', '2026-07-21 19:43:13.406571', 'Aceptada_Reunion', '2026-07-28 19:43:13.406571', '2026-08-04 19:43:13.406571');
INSERT INTO edentia_crm.propuestas (propuesta_id, lead_id, version_propuesta, ruta_archivo_word, fecha_envio, estado_respuesta, fecha_seguimiento_s1, fecha_seguimiento_s2) VALUES (7, 8, 2, '/downloads/propuestas/Propuesta_Ingenio_Risaralda.docx', '2026-07-21 19:43:39.935238', 'Aceptada_Reunion', '2026-07-28 19:43:39.935238', '2026-08-04 19:43:39.935238');
INSERT INTO edentia_crm.proyectos (proyecto_id, lead_id, monto_total, orden_trabajo_ref, ruta_excel_plan, estado_proyecto, fecha_inicio, fecha_fin_estimada) VALUES (1, 1, 45000000.00, 'OT-2026-001', '/downloads/proyectos/Plan_Proyecto_Auteco_SAS.xlsx', 'En_Ejecucion', '2026-07-10', '2026-10-10');
INSERT INTO edentia_crm.proyectos (proyecto_id, lead_id, monto_total, orden_trabajo_ref, ruta_excel_plan, estado_proyecto, fecha_inicio, fecha_fin_estimada) VALUES (2, 5, 95000000.00, 'OT-2026-002', '/downloads/proyectos/Plan_Proyecto_Bancolombia.xlsx', 'Pre-Facturado', '2026-08-01', '2026-12-15');
INSERT INTO edentia_crm.proyectos (proyecto_id, lead_id, monto_total, orden_trabajo_ref, ruta_excel_plan, estado_proyecto, fecha_inicio, fecha_fin_estimada) VALUES (3, 7, 65000000.00, 'OT-2026-007', '/downloads/proyectos/Plan_Proyecto_Suzuki_Risaralda.xlsx', 'En_Ejecucion', '2026-07-21', '2026-10-19');
INSERT INTO edentia_crm.proyectos (proyecto_id, lead_id, monto_total, orden_trabajo_ref, ruta_excel_plan, estado_proyecto, fecha_inicio, fecha_fin_estimada) VALUES (4, 7, 65000000.00, 'OT-2026-007', '/downloads/proyectos/Plan_Proyecto_Suzuki_Risaralda.xlsx', 'En_Ejecucion', '2026-07-21', '2026-10-19');
INSERT INTO edentia_crm.proyectos (proyecto_id, lead_id, monto_total, orden_trabajo_ref, ruta_excel_plan, estado_proyecto, fecha_inicio, fecha_fin_estimada) VALUES (5, 8, 65000000.00, 'OT-2026-008', '/downloads/proyectos/Plan_Proyecto_Ingenio_Risaralda.xlsx', 'En_Ejecucion', '2026-07-21', '2026-10-19');
INSERT INTO edentia_crm.trazabilidad_agentes (log_id, agente_nombre, modelo_llm, lead_id, accion_realizada, input_payload, output_payload, tokens_usados, fecha_ejecucion) VALUES (1, 'Agent_01_LeadFinder', 'Gemini-1.5-Flash', 1, 'Búsqueda geográfica de empresas grandes en Pereira. Coincidencia encontrada.', '{"region": "Pereira, Risaralda", "tipo_empresa": "Manufactura grande"}', '{"correo": "carlos.gomez@auteco.com.co", "empresa": "Auteco SAS", "contacto": "Carlos Gómez"}', 1200, '2026-07-21 18:15:29.135467');
INSERT INTO edentia_crm.trazabilidad_agentes (log_id, agente_nombre, modelo_llm, lead_id, accion_realizada, input_payload, output_payload, tokens_usados, fecha_ejecucion) VALUES (2, 'Agent_02_DeepScraper', 'Gemini-1.5-Flash', 1, 'Scraping sitio web de Auteco SAS. Identificación de dolores operativos.', '{"url": "http://www.auteco.com.co"}', '{"dolores": "Uso de guías PDF estáticas para ensamblaje complejo, sin entrenamiento dinámico en XR."}', 3500, '2026-07-21 18:15:29.135467');
INSERT INTO edentia_crm.trazabilidad_agentes (log_id, agente_nombre, modelo_llm, lead_id, accion_realizada, input_payload, output_payload, tokens_usados, fecha_ejecucion) VALUES (3, 'Agent_03_ProposalBuilder', 'Claude-3.5-Sonnet', 1, 'Generación de propuesta inicial personalizada en Word (Aura).', '{"dolor": "Uso de guías PDF estáticas para ensamblaje", "linea_sugerida": "Aura (XR)"}', '{"precio_sugerido": "$45.000.000 COP", "archivo_generado": "Propuesta_Auteco_SAS.docx"}', 4800, '2026-07-21 18:15:29.135467');
INSERT INTO edentia_crm.trazabilidad_agentes (log_id, agente_nombre, modelo_llm, lead_id, accion_realizada, input_payload, output_payload, tokens_usados, fecha_ejecucion) VALUES (4, 'Agent_04_FollowUpNotifier', 'Gemini-1.5-Flash', 1, 'Programación de alertas de seguimiento y envío automático de correo Semana 1.', '{"lead_id": 1, "dias_transcurridos": 7}', '{"accion": "Correo de seguimiento Semana 1 enviado a carlos.gomez@auteco.com.co"}', 850, '2026-07-21 18:15:29.135467');
INSERT INTO edentia_crm.trazabilidad_agentes (log_id, agente_nombre, modelo_llm, lead_id, accion_realizada, input_payload, output_payload, tokens_usados, fecha_ejecucion) VALUES (5, 'Agent_05_InterviewDiagnostic', 'Claude-3.5-Sonnet', 1, 'Análisis de transcripción de entrevista comercial y asignación de nivel de madurez de IA.', '{"transcripcion": "El cliente Carlos Gómez manifiesta..."}', '{"madurez": "Inicial", "diagnostico": "Requiere gemelo digital interactivo Unity"}', 6200, '2026-07-21 18:15:29.135467');
INSERT INTO edentia_crm.trazabilidad_agentes (log_id, agente_nombre, modelo_llm, lead_id, accion_realizada, input_payload, output_payload, tokens_usados, fecha_ejecucion) VALUES (6, 'Agent_06_FormalProposalEngine', 'Claude-3.5-Sonnet', 1, 'Estructuración de propuesta formal técnico-comercial.', '{"diagnostico_id": 1}', '{"costo": 45000000, "alcance": "Modelado 3D de 5 motores, simulación de ensamble, guía paso a paso en Xreal VR."}', 7100, '2026-07-21 18:15:29.135467');
INSERT INTO edentia_crm.trazabilidad_agentes (log_id, agente_nombre, modelo_llm, lead_id, accion_realizada, input_payload, output_payload, tokens_usados, fecha_ejecucion) VALUES (7, 'Agent_07_PreInvoiceGenerator', 'Gemini-1.5-Pro', 1, 'Creación de orden de trabajo OT-2026-001 tras aceptación de propuesta formal.', '{"monto": 45000000, "lead_id": 1}', '{"prefactura": "Generada en PDF", "ot_referencia": "OT-2026-001"}', 2200, '2026-07-21 18:15:29.135467');
INSERT INTO edentia_crm.trazabilidad_agentes (log_id, agente_nombre, modelo_llm, lead_id, accion_realizada, input_payload, output_payload, tokens_usados, fecha_ejecucion) VALUES (8, 'Agent_08_ProjectPlanArchitect', 'Claude-3.5-Sonnet', 1, 'Diseño de Plan de Trabajo en Excel (XLSX) con WBS.', '{"ot_referencia": "OT-2026-001"}', '{"hitos": 4, "archivo_generado": "Plan_Proyecto_Auteco_SAS.xlsx"}', 5500, '2026-07-21 18:15:29.135467');
INSERT INTO edentia_crm.trazabilidad_agentes (log_id, agente_nombre, modelo_llm, lead_id, accion_realizada, input_payload, output_payload, tokens_usados, fecha_ejecucion) VALUES (9, 'Agent_09_AccountContinuity', 'Claude-3.5-Sonnet', 1, 'Evaluación de post-venta para venta cruzada (Aegis + Synapse).', '{"proyecto_id": 1}', '{"sugerencia": "Ofrecer Synapse (tracking gestual Mudra Band) para interactuar sin contacto en Unity con gafas Xreal, y Aegis para auditoría de calidad mediante IA."}', 3900, '2026-07-21 18:15:29.135467');
INSERT INTO edentia_crm.trazabilidad_agentes (log_id, agente_nombre, modelo_llm, lead_id, accion_realizada, input_payload, output_payload, tokens_usados, fecha_ejecucion) VALUES (10, 'Agent_01_LeadFinder', 'Gemini-1.5-Flash', 7, 'Lead localizado en escaneo regional de Pereira.', '{"region": "Pereira", "empresa": "Suzuki Risaralda"}', '{"ciudad": "Pereira", "correo": "santiago.mejia@suzuki.com.co", "estado": "Encontrado", "empresa": "Suzuki Risaralda", "lead_id": 7, "whatsapp": "+57 320 666 4444", "sitio_web": "www.suzuki.com.co", "fecha_creacion": "2026-07-21T23:49:40.414Z", "contacto_nombre": "Santiago Mejía", "hallazgos_scraping": "Escaneo web completado. Se detecta falta de automatización y alto volumen de datos manuales. Se sugiere implementar Edentia Aura para potenciar la eficiencia.", "servicio_edentia_sugerido": "Aura"}', 1150, '2026-07-21 18:49:40.420195');
INSERT INTO edentia_crm.trazabilidad_agentes (log_id, agente_nombre, modelo_llm, lead_id, accion_realizada, input_payload, output_payload, tokens_usados, fecha_ejecucion) VALUES (11, 'Agent_02_DeepScraper', 'Gemini-1.5-Flash', 7, 'Escaneo profundo del sitio www.suzuki.com.co y presencia digital. Dolores identificados.', '{"sitio_web": "www.suzuki.com.co"}', '{"hallazgos": "Escaneo web completado. Se detecta falta de automatización y alto volumen de datos manuales. Se sugiere implementar Edentia Aura para potenciar la eficiencia."}', 2400, '2026-07-21 18:49:40.424512');
INSERT INTO edentia_crm.trazabilidad_agentes (log_id, agente_nombre, modelo_llm, lead_id, accion_realizada, input_payload, output_payload, tokens_usados, fecha_ejecucion) VALUES (12, 'Agent_03_ProposalBuilder', 'Claude-3.5-Sonnet', 7, 'Redacción y generación de propuesta preliminar (.docx) para Edentia Aura.', '{"dolor": "Escaneo web completado. Se detecta falta de automatización y alto volumen de datos manuales. Se sugiere implementar Edentia Aura para potenciar la eficiencia.", "servicio": "Aura"}', '{"lead_id": 7, "fecha_envio": "2026-07-21T23:49:40.507Z", "propuesta_id": 5, "estado_respuesta": "Pendiente", "ruta_archivo_word": "/downloads/propuestas/Propuesta_Suzuki_Risaralda.docx", "version_propuesta": 1, "fecha_seguimiento_s1": "2026-07-28T23:49:40.507Z", "fecha_seguimiento_s2": "2026-08-04T23:49:40.507Z"}', 4500, '2026-07-21 18:49:40.526276');
INSERT INTO edentia_crm.trazabilidad_agentes (log_id, agente_nombre, modelo_llm, lead_id, accion_realizada, input_payload, output_payload, tokens_usados, fecha_ejecucion) VALUES (13, 'Agent_04_FollowUpNotifier', 'Gemini-1.5-Flash', 7, 'Establecimiento de alertas de correo automáticas en el sistema de base de datos para los días +7 y +14.', '{"propuestas_id": 5, "correo_destino": "santiago.mejia@suzuki.com.co"}', '{"alerta_s1": "Programada", "alerta_s2": "Programada"}', 700, '2026-07-21 18:49:40.5279');
INSERT INTO edentia_crm.trazabilidad_agentes (log_id, agente_nombre, modelo_llm, lead_id, accion_realizada, input_payload, output_payload, tokens_usados, fecha_ejecucion) VALUES (14, 'Agent_05_InterviewDiagnostic', 'Claude-3.5-Sonnet', 7, 'Procesamiento de transcripción y generación de matriz de madurez técnica de IA.', '{"transcripcion": "El cliente Santiago Mejía de Suzuki Risaralda atendió la reunión matutina. Confirma que la propuesta preliminar en Word de Edentia Aura le pareció sumamente interesante. Explica detalladamente su flujo de trabajo manual y solicita cotización formal incluyendo soporte anual."}', '{"lead_id": 7, "diagnostico_id": 3, "fecha_entrevista": "2026-07-21T23:49:40.530Z", "nivel_madurez_ia": "Inicial", "analisis_ia_diagnostico": {"dolores_principales": ["Falta de observabilidad de flujos", "Baja eficiencia manual"], "servicios_requeridos": ["Implantación Edentia Aura", "Capacitación del personal", "Soporte 24/7"], "arquitectura_sugerida": "Arquitectura Edentia Aura Standard Enterprise"}, "transcripcion_entrevista": "El cliente Santiago Mejía de Suzuki Risaralda atendió la reunión matutina. Confirma que la propuesta preliminar en Word de Edentia Aura le pareció sumamente interesante. Explica detalladamente su flujo de trabajo manual y solicita cotización formal incluyendo soporte anual."}', 5300, '2026-07-21 18:49:40.536683');
INSERT INTO edentia_crm.trazabilidad_agentes (log_id, agente_nombre, modelo_llm, lead_id, accion_realizada, input_payload, output_payload, tokens_usados, fecha_ejecucion) VALUES (15, 'Agent_06_FormalProposalEngine', 'Claude-3.5-Sonnet', 7, 'Generación de propuesta formal técnica. Definición de hitos, alcance final y cotización comercial por $65M COP.', '{"diagnostico_id": 3}', '{"costo": 65000000, "alcances": ["Implantación Edentia Aura", "Capacitación del personal", "Soporte 24/7"]}', 6200, '2026-07-21 18:49:40.541907');
INSERT INTO edentia_crm.trazabilidad_agentes (log_id, agente_nombre, modelo_llm, lead_id, accion_realizada, input_payload, output_payload, tokens_usados, fecha_ejecucion) VALUES (16, 'Agent_07_PreInvoiceGenerator', 'Gemini-1.5-Pro', 7, 'Generación automática de pre-factura y orden de trabajo comercial (OT-2026-007) tras aceptación.', '{"monto": 65000000, "lead_id": 7}', '{"lead_id": 7, "monto_total": "65000000.00", "proyecto_id": 3, "fecha_inicio": "2026-07-21T05:00:00.000Z", "estado_proyecto": "Pre-Facturado", "ruta_excel_plan": null, "orden_trabajo_ref": "OT-2026-007", "fecha_fin_estimada": "2026-10-19T05:00:00.000Z"}', 1800, '2026-07-21 18:49:40.55681');
INSERT INTO edentia_crm.trazabilidad_agentes (log_id, agente_nombre, modelo_llm, lead_id, accion_realizada, input_payload, output_payload, tokens_usados, fecha_ejecucion) VALUES (17, 'Agent_08_ProjectPlanArchitect', 'Claude-3.5-Sonnet', 7, 'Planificación del WBS técnico del proyecto. Creación y formato de archivo de cronograma en Excel (.xlsx).', '{"empresa": "Suzuki Risaralda", "orden_trabajo": "OT-2026-007"}', '{"excel_path": "/downloads/proyectos/Plan_Proyecto_Suzuki_Risaralda.xlsx"}', 5100, '2026-07-21 18:49:40.635475');
INSERT INTO edentia_crm.trazabilidad_agentes (log_id, agente_nombre, modelo_llm, lead_id, accion_realizada, input_payload, output_payload, tokens_usados, fecha_ejecucion) VALUES (18, 'Agent_09_AccountContinuity', 'Claude-3.5-Sonnet', 7, 'Análisis de continuidad de cuenta de cliente finalizado. Alertas de cross-selling / upselling enviadas al dashboard.', '{"servicio_comprado": "Aura"}', '{"sugerencia_upsell": "Ofrecer Edentia Synapse (decodificación neuronal mediante Mudra Band) para control de gestos interactivo sin contacto físico."}', 3200, '2026-07-21 18:49:40.637704');
INSERT INTO edentia_crm.trazabilidad_agentes (log_id, agente_nombre, modelo_llm, lead_id, accion_realizada, input_payload, output_payload, tokens_usados, fecha_ejecucion) VALUES (19, 'Agent_03_ProposalBuilder', 'Claude-3.5-Sonnet', 7, 'Redacción y generación de propuesta preliminar (.docx) para Edentia Aura.', '{"dolor": "Escaneo web completado. Se detecta falta de automatización y alto volumen de datos manuales. Se sugiere implementar Edentia Aura para potenciar la eficiencia.", "servicio": "Aura"}', '{"lead_id": 7, "fecha_envio": "2026-07-22T00:43:13.406Z", "propuesta_id": 6, "estado_respuesta": "Pendiente", "ruta_archivo_word": "/downloads/propuestas/Propuesta_Suzuki_Risaralda.docx", "version_propuesta": 1, "fecha_seguimiento_s1": "2026-07-29T00:43:13.406Z", "fecha_seguimiento_s2": "2026-08-05T00:43:13.406Z"}', 4500, '2026-07-21 19:43:13.417733');
INSERT INTO edentia_crm.trazabilidad_agentes (log_id, agente_nombre, modelo_llm, lead_id, accion_realizada, input_payload, output_payload, tokens_usados, fecha_ejecucion) VALUES (20, 'Agent_04_FollowUpNotifier', 'Gemini-1.5-Flash', 7, 'Establecimiento de alertas de correo automáticas en el sistema de base de datos para los días +7 y +14.', '{"propuestas_id": 6, "correo_destino": "santiago.mejia@suzuki.com.co"}', '{"alerta_s1": "Programada", "alerta_s2": "Programada"}', 700, '2026-07-21 19:43:13.42158');
INSERT INTO edentia_crm.trazabilidad_agentes (log_id, agente_nombre, modelo_llm, lead_id, accion_realizada, input_payload, output_payload, tokens_usados, fecha_ejecucion) VALUES (21, 'Agent_05_InterviewDiagnostic', 'Claude-3.5-Sonnet', 7, 'Procesamiento de transcripción y generación de matriz de madurez técnica de IA.', '{"transcripcion": "El cliente Santiago Mejía de Suzuki Risaralda atendió la reunión matutina. Confirma que la propuesta preliminar en Word de Edentia Aura le pareció sumamente interesante. Explica detalladamente su flujo de trabajo manual y solicita cotización formal incluyendo soporte anual."}', '{"lead_id": 7, "diagnostico_id": 4, "fecha_entrevista": "2026-07-22T00:43:13.422Z", "nivel_madurez_ia": "Inicial", "analisis_ia_diagnostico": {"dolores_principales": ["Falta de observabilidad de flujos", "Baja eficiencia manual"], "servicios_requeridos": ["Implantación Edentia Aura", "Capacitación del personal", "Soporte 24/7"], "arquitectura_sugerida": "Arquitectura Edentia Aura Standard Enterprise"}, "transcripcion_entrevista": "El cliente Santiago Mejía de Suzuki Risaralda atendió la reunión matutina. Confirma que la propuesta preliminar en Word de Edentia Aura le pareció sumamente interesante. Explica detalladamente su flujo de trabajo manual y solicita cotización formal incluyendo soporte anual."}', 5300, '2026-07-21 19:43:13.425909');
INSERT INTO edentia_crm.trazabilidad_agentes (log_id, agente_nombre, modelo_llm, lead_id, accion_realizada, input_payload, output_payload, tokens_usados, fecha_ejecucion) VALUES (22, 'Agent_06_FormalProposalEngine', 'Claude-3.5-Sonnet', 7, 'Generación de propuesta formal técnica. Definición de hitos, alcance final y cotización comercial por $65M COP.', '{"diagnostico_id": 4}', '{"costo": 65000000, "alcances": ["Implantación Edentia Aura", "Capacitación del personal", "Soporte 24/7"]}', 6200, '2026-07-21 19:43:13.428514');
INSERT INTO edentia_crm.trazabilidad_agentes (log_id, agente_nombre, modelo_llm, lead_id, accion_realizada, input_payload, output_payload, tokens_usados, fecha_ejecucion) VALUES (23, 'Agent_07_PreInvoiceGenerator', 'Gemini-1.5-Pro', 7, 'Generación automática de pre-factura y orden de trabajo comercial (OT-2026-007) tras aceptación.', '{"monto": 65000000, "lead_id": 7}', '{"lead_id": 7, "monto_total": "65000000.00", "proyecto_id": 4, "fecha_inicio": "2026-07-21T05:00:00.000Z", "estado_proyecto": "Pre-Facturado", "ruta_excel_plan": null, "orden_trabajo_ref": "OT-2026-007", "fecha_fin_estimada": "2026-10-19T05:00:00.000Z"}', 1800, '2026-07-21 19:43:13.432931');
INSERT INTO edentia_crm.trazabilidad_agentes (log_id, agente_nombre, modelo_llm, lead_id, accion_realizada, input_payload, output_payload, tokens_usados, fecha_ejecucion) VALUES (24, 'Agent_08_ProjectPlanArchitect', 'Claude-3.5-Sonnet', 7, 'Planificación del WBS técnico del proyecto. Creación y formato de archivo de cronograma en Excel (.xlsx).', '{"empresa": "Suzuki Risaralda", "orden_trabajo": "OT-2026-007"}', '{"excel_path": "/downloads/proyectos/Plan_Proyecto_Suzuki_Risaralda.xlsx"}', 5100, '2026-07-21 19:43:13.446105');
INSERT INTO edentia_crm.trazabilidad_agentes (log_id, agente_nombre, modelo_llm, lead_id, accion_realizada, input_payload, output_payload, tokens_usados, fecha_ejecucion) VALUES (25, 'Agent_09_AccountContinuity', 'Claude-3.5-Sonnet', 7, 'Análisis de continuidad de cuenta de cliente finalizado. Alertas de cross-selling / upselling enviadas al dashboard.', '{"servicio_comprado": "Aura"}', '{"sugerencia_upsell": "Ofrecer Edentia Synapse (decodificación neuronal mediante Mudra Band) para control de gestos interactivo sin contacto físico."}', 3200, '2026-07-21 19:43:13.447674');
INSERT INTO edentia_crm.trazabilidad_agentes (log_id, agente_nombre, modelo_llm, lead_id, accion_realizada, input_payload, output_payload, tokens_usados, fecha_ejecucion) VALUES (26, 'Agent_01_LeadFinder', 'Gemini-1.5-Flash', 8, 'Lead localizado en escaneo regional de La Virginia.', '{"region": "La Virginia", "empresa": "Ingenio Risaralda"}', '{"ciudad": "La Virginia", "correo": "luribe@ingeniorisaralda.com", "estado": "Encontrado", "empresa": "Ingenio Risaralda", "lead_id": 8, "whatsapp": "+57 318 444 9999", "sitio_web": "www.ingeniorisaralda.com.co", "fecha_creacion": "2026-07-22T00:43:39.886Z", "contacto_nombre": "Liliana Uribe", "hallazgos_scraping": "Escaneo web completado. Se detecta falta de automatización y alto volumen de datos manuales. Se sugiere implementar Edentia Forge para potenciar la eficiencia.", "servicio_edentia_sugerido": "Forge"}', 1150, '2026-07-21 19:43:39.888915');
INSERT INTO edentia_crm.trazabilidad_agentes (log_id, agente_nombre, modelo_llm, lead_id, accion_realizada, input_payload, output_payload, tokens_usados, fecha_ejecucion) VALUES (27, 'Agent_02_DeepScraper', 'Gemini-1.5-Flash', 8, 'Escaneo profundo del sitio www.ingeniorisaralda.com.co y presencia digital. Dolores identificados.', '{"sitio_web": "www.ingeniorisaralda.com.co"}', '{"hallazgos": "Escaneo web completado. Se detecta falta de automatización y alto volumen de datos manuales. Se sugiere implementar Edentia Forge para potenciar la eficiencia."}', 2400, '2026-07-21 19:43:39.913546');
INSERT INTO edentia_crm.trazabilidad_agentes (log_id, agente_nombre, modelo_llm, lead_id, accion_realizada, input_payload, output_payload, tokens_usados, fecha_ejecucion) VALUES (28, 'Agent_03_ProposalBuilder', 'Claude-3.5-Sonnet', 8, 'Redacción y generación de propuesta preliminar (.docx) para Edentia Forge.', '{"dolor": "Escaneo web completado. Se detecta falta de automatización y alto volumen de datos manuales. Se sugiere implementar Edentia Forge para potenciar la eficiencia.", "servicio": "Forge"}', '{"lead_id": 8, "fecha_envio": "2026-07-22T00:43:39.935Z", "propuesta_id": 7, "estado_respuesta": "Pendiente", "ruta_archivo_word": "/downloads/propuestas/Propuesta_Ingenio_Risaralda.docx", "version_propuesta": 1, "fecha_seguimiento_s1": "2026-07-29T00:43:39.935Z", "fecha_seguimiento_s2": "2026-08-05T00:43:39.935Z"}', 4500, '2026-07-21 19:43:39.940478');
INSERT INTO edentia_crm.trazabilidad_agentes (log_id, agente_nombre, modelo_llm, lead_id, accion_realizada, input_payload, output_payload, tokens_usados, fecha_ejecucion) VALUES (29, 'Agent_04_FollowUpNotifier', 'Gemini-1.5-Flash', 8, 'Establecimiento de alertas de correo automáticas en el sistema de base de datos para los días +7 y +14.', '{"propuestas_id": 7, "correo_destino": "luribe@ingeniorisaralda.com"}', '{"alerta_s1": "Programada", "alerta_s2": "Programada"}', 700, '2026-07-21 19:43:39.941524');
INSERT INTO edentia_crm.trazabilidad_agentes (log_id, agente_nombre, modelo_llm, lead_id, accion_realizada, input_payload, output_payload, tokens_usados, fecha_ejecucion) VALUES (30, 'Agent_05_InterviewDiagnostic', 'Claude-3.5-Sonnet', 8, 'Procesamiento de transcripción y generación de matriz de madurez técnica de IA.', '{"transcripcion": "El cliente Liliana Uribe de Ingenio Risaralda atendió la reunión matutina. Confirma que la propuesta preliminar en Word de Edentia Forge le pareció sumamente interesante. Explica detalladamente su flujo de trabajo manual y solicita cotización formal incluyendo soporte anual."}', '{"lead_id": 8, "diagnostico_id": 5, "fecha_entrevista": "2026-07-22T00:43:39.942Z", "nivel_madurez_ia": "Inicial", "analisis_ia_diagnostico": {"dolores_principales": ["Falta de observabilidad de flujos", "Baja eficiencia manual"], "servicios_requeridos": ["Implantación Edentia Forge", "Capacitación del personal", "Soporte 24/7"], "arquitectura_sugerida": "Arquitectura Edentia Forge Standard Enterprise"}, "transcripcion_entrevista": "El cliente Liliana Uribe de Ingenio Risaralda atendió la reunión matutina. Confirma que la propuesta preliminar en Word de Edentia Forge le pareció sumamente interesante. Explica detalladamente su flujo de trabajo manual y solicita cotización formal incluyendo soporte anual."}', 5300, '2026-07-21 19:43:39.947177');
INSERT INTO edentia_crm.trazabilidad_agentes (log_id, agente_nombre, modelo_llm, lead_id, accion_realizada, input_payload, output_payload, tokens_usados, fecha_ejecucion) VALUES (31, 'Agent_06_FormalProposalEngine', 'Claude-3.5-Sonnet', 8, 'Generación de propuesta formal técnica. Definición de hitos, alcance final y cotización comercial por $65M COP.', '{"diagnostico_id": 5}', '{"costo": 65000000, "alcances": ["Implantación Edentia Forge", "Capacitación del personal", "Soporte 24/7"]}', 6200, '2026-07-21 19:43:39.951199');
INSERT INTO edentia_crm.trazabilidad_agentes (log_id, agente_nombre, modelo_llm, lead_id, accion_realizada, input_payload, output_payload, tokens_usados, fecha_ejecucion) VALUES (32, 'Agent_07_PreInvoiceGenerator', 'Gemini-1.5-Pro', 8, 'Generación automática de pre-factura y orden de trabajo comercial (OT-2026-008) tras aceptación.', '{"monto": 65000000, "lead_id": 8}', '{"lead_id": 8, "monto_total": "65000000.00", "proyecto_id": 5, "fecha_inicio": "2026-07-21T05:00:00.000Z", "estado_proyecto": "Pre-Facturado", "ruta_excel_plan": null, "orden_trabajo_ref": "OT-2026-008", "fecha_fin_estimada": "2026-10-19T05:00:00.000Z"}', 1800, '2026-07-21 19:43:39.956463');
INSERT INTO edentia_crm.trazabilidad_agentes (log_id, agente_nombre, modelo_llm, lead_id, accion_realizada, input_payload, output_payload, tokens_usados, fecha_ejecucion) VALUES (33, 'Agent_08_ProjectPlanArchitect', 'Claude-3.5-Sonnet', 8, 'Planificación del WBS técnico del proyecto. Creación y formato de archivo de cronograma en Excel (.xlsx).', '{"empresa": "Ingenio Risaralda", "orden_trabajo": "OT-2026-008"}', '{"excel_path": "/downloads/proyectos/Plan_Proyecto_Ingenio_Risaralda.xlsx"}', 5100, '2026-07-21 19:43:39.968311');
INSERT INTO edentia_crm.trazabilidad_agentes (log_id, agente_nombre, modelo_llm, lead_id, accion_realizada, input_payload, output_payload, tokens_usados, fecha_ejecucion) VALUES (34, 'Agent_09_AccountContinuity', 'Claude-3.5-Sonnet', 8, 'Análisis de continuidad de cuenta de cliente finalizado. Alertas de cross-selling / upselling enviadas al dashboard.', '{"servicio_comprado": "Forge"}', '{"sugerencia_upsell": "Ofrecer Edentia Aegis para asegurar la gobernanza, observabilidad y control de los modelos de IA integrados."}', 3200, '2026-07-21 19:43:39.969343');
SELECT pg_catalog.setval('edentia_crm.diagnosticos_diagnostico_id_seq', 5, true);
SELECT pg_catalog.setval('edentia_crm.leads_lead_id_seq', 8, true);
SELECT pg_catalog.setval('edentia_crm.propuestas_propuesta_id_seq', 7, true);
SELECT pg_catalog.setval('edentia_crm.proyectos_proyecto_id_seq', 5, true);
SELECT pg_catalog.setval('edentia_crm.trazabilidad_agentes_log_id_seq', 34, true);
